{
    "example_source": [
        "▁我还",
        "澄清",
        "了",
        "在该",
        "会议上",
        "提出的",
        "若干",
        "事项",
        "。"
    ],
    "example_target": [
        "<s>",
        "▁i",
        "▁was",
        "▁able",
        "▁to",
        "▁provide",
        "▁clarification",
        "▁on",
        "▁some",
        "▁of",
        "▁the",
        "▁matters",
        "▁which",
        "▁were",
        "▁raised",
        "▁at",
        "▁that",
        "▁meeting",
        ".",
        "</s>"
    ],
    "hypotheses": [
        {
            "hypothesis": [
                "▁it",
                "▁is",
                "▁not",
                "▁that",
                "▁the",
                "▁united",
                "▁nations",
                "▁of",
                "▁the",
                "▁united",
                "▁nations",
                "▁of",
                "▁the",
                "▁united",
                "▁nations",
                "."
            ],
            "score": -30.571136474609375
        },
        {
            "hypothesis": [
                "▁it",
                "▁is",
                "▁the",
                "▁united",
                "▁nations",
                "▁of",
                "▁the",
                "▁united",
                "▁nations",
                "▁of",
                "▁the",
                "▁united",
                "▁nations",
                "▁of",
                "▁the",
                "▁united",
                "▁nations",
                "."
            ],
            "score": -33.36994934082031
        },
        {
            "hypothesis": [
                "▁it",
                "▁is",
                "▁that",
                "▁the",
                "▁united",
                "▁nations",
                "▁of",
                "▁the",
                "▁united",
                "▁nations",
                "▁of",
                "▁the",
                "▁united",
                "▁nations",
                "▁of",
                "▁the",
                "▁united",
                "▁nations",
                "."
            ],
            "score": -34.51394271850586
        },
        {
            "hypothesis": [
                "▁it",
                "▁is",
                "▁not",
                "▁that",
                "▁the",
                "▁united",
                "▁nations",
                "▁of",
                "▁the",
                "▁united",
                "▁nations",
                "▁of",
                "▁the",
                "▁united",
                "▁nations",
                "▁of",
                "▁the",
                "▁united",
                "▁nations",
                "."
            ],
            "score": -36.385101318359375
        },
        {
            "hypothesis": [
                "▁the",
                "▁united",
                "▁nations",
                "▁of",
                "▁the",
                "▁united",
                "▁nations",
                "▁of",
                "▁the",
                "▁united",
                "▁nations",
                "▁of",
                "▁the",
                "▁united",
                "▁nations",
                "▁of",
                "▁the",
                "▁united",
                "▁nations",
                "."
            ],
            "score": -36.85673904418945
        },
        {
            "hypothesis": [
                "▁it",
                "▁is",
                "▁that",
                "▁the",
                "▁united",
                "▁nations",
                "▁of",
                "▁the",
                "▁united",
                "▁nations",
                "▁of",
                "▁the",
                "▁united",
                "▁nations",
                "▁of",
                "▁the",
                "▁united",
                "▁nations",
                "▁of",
                "▁the",
                "▁united",
                "▁nations",
                "."
            ],
            "score": -40.4315299987793
        },
        {
            "hypothesis": [
                "▁it",
                "▁is",
                "▁not",
                "▁that",
                "▁the",
                "▁united",
                "▁nations",
                "▁of",
                "▁the",
                "▁united",
                "▁nations",
                "▁of",
                "▁the",
                "▁united",
                "▁nations",
                "▁of",
                "▁the",
                "▁united",
                "▁nations",
                "▁of",
                "▁the",
                "▁united",
                "▁nations",
                "."
            ],
            "score": -42.55401611328125
        },
        {
            "hypothesis": [
                "▁the",
                "▁united",
                "▁nations",
                "▁of",
                "▁the",
                "▁united",
                "▁nations",
                "▁of",
                "▁the",
                "▁united",
                "▁nations",
                "▁of",
                "▁the",
                "▁united",
                "▁nations",
                "▁of",
                "▁the",
                "▁united",
                "▁nations",
                "▁of",
                "▁the",
                "▁united",
                "▁nations",
                "."
            ],
            "score": -42.66870880126953
        },
        {
            "hypothesis": [
                "▁it",
                "▁is",
                "▁that",
                "▁the",
                "▁united",
                "▁nations",
                "▁of",
                "▁the",
                "▁united",
                "▁nations",
                "▁of",
                "▁the",
                "▁united",
                "▁nations",
                "▁of",
                "▁the",
                "▁united",
                "▁nations",
                "▁of",
                "▁the",
                "▁united",
                "▁nations",
                "▁of",
                "▁the",
                "▁united",
                "▁nations",
                "."
            ],
            "score": -46.83930587768555
        },
        {
            "hypothesis": [
                "▁the",
                "▁united",
                "▁nations",
                "▁of",
                "▁the",
                "▁united",
                "▁nations",
                "▁of",
                "▁the",
                "▁united",
                "▁nations",
                "▁of",
                "▁the",
                "▁united",
                "▁nations",
                "▁of",
                "▁the",
                "▁united",
                "▁nations",
                "▁of",
                "▁the",
                "▁united",
                "▁nations",
                "▁of",
                "▁the",
                "▁united",
                "▁nations",
                "."
            ],
            "score": -48.94230651855469
        }
    ],
    "diagnostic_info": "eyJ0IjogIjIwMjUtMDItMDNUMDg6MDc6NDcuNTM5MTgyIiwgImgiOiAiNmM3MDkxZDFkZmE5IiwgInUiOiAicm9vdCJ9"
}