{
    "example_source": [
        "▁我还",
        "澄清",
        "了",
        "在该",
        "会议上",
        "提出的",
        "若干",
        "事项",
        "。"
    ],
    "example_target": [
        "<s>",
        "▁i",
        "▁was",
        "▁able",
        "▁to",
        "▁provide",
        "▁clarification",
        "▁on",
        "▁some",
        "▁of",
        "▁the",
        "▁matters",
        "▁which",
        "▁were",
        "▁raised",
        "▁at",
        "▁that",
        "▁meeting",
        ".",
        "</s>"
    ],
    "hypotheses": [
        {
            "hypothesis": [
                "▁i",
                "▁hope",
                "▁that",
                "▁the",
                "▁number",
                "▁of",
                "▁the",
                "▁united",
                "▁nations",
                "▁was",
                "▁made",
                "▁by",
                "▁the",
                "▁united",
                "▁nations",
                "."
            ],
            "score": -28.091524124145508
        },
        {
            "hypothesis": [
                "▁i",
                "▁hope",
                "▁that",
                "▁the",
                "▁number",
                "▁of",
                "▁the",
                "▁united",
                "▁nations",
                "▁was",
                "▁made",
                "▁by",
                "▁the",
                "▁united",
                "▁states",
                "."
            ],
            "score": -29.495481491088867
        },
        {
            "hypothesis": [
                "▁i",
                "▁hope",
                "▁that",
                "▁the",
                "▁number",
                "▁of",
                "▁the",
                "▁security",
                "▁council",
                "▁will",
                "▁be",
                "▁made",
                "▁by",
                "▁the",
                "▁united",
                "▁nations",
                "."
            ],
            "score": -29.70305824279785
        },
        {
            "hypothesis": [
                "▁i",
                "▁hope",
                "▁that",
                "▁the",
                "▁number",
                "▁of",
                "▁the",
                "▁united",
                "▁nations",
                "▁has",
                "▁been",
                "▁made",
                "▁by",
                "▁the",
                "▁united",
                "▁nations",
                "."
            ],
            "score": -30.191001892089844
        },
        {
            "hypothesis": [
                "▁i",
                "▁hope",
                "▁that",
                "▁the",
                "▁number",
                "▁of",
                "▁the",
                "▁security",
                "▁council",
                "▁will",
                "▁be",
                "▁able",
                "▁to",
                "▁the",
                "▁united",
                "▁nations",
                "."
            ],
            "score": -30.213327407836914
        },
        {
            "hypothesis": [
                "▁i",
                "▁hope",
                "▁that",
                "▁the",
                "▁number",
                "▁of",
                "▁the",
                "▁united",
                "▁nations",
                "▁was",
                "▁made",
                "▁by",
                "▁the",
                "▁united",
                "▁nations",
                "▁council",
                "."
            ],
            "score": -31.162097930908203
        },
        {
            "hypothesis": [
                "▁i",
                "▁hope",
                "▁that",
                "▁the",
                "▁number",
                "▁of",
                "▁the",
                "▁security",
                "▁council",
                "▁will",
                "▁be",
                "▁made",
                "▁by",
                "▁the",
                "▁united",
                "▁states",
                "."
            ],
            "score": -31.169208526611328
        },
        {
            "hypothesis": [
                "▁i",
                "▁hope",
                "▁that",
                "▁the",
                "▁number",
                "▁of",
                "▁the",
                "▁security",
                "▁council",
                "▁will",
                "▁be",
                "▁made",
                "▁by",
                "▁the",
                "▁number",
                "▁of",
                "▁the",
                "▁year",
                "."
            ],
            "score": -34.73802947998047
        },
        {
            "hypothesis": [
                "▁i",
                "▁hope",
                "▁that",
                "▁the",
                "▁number",
                "▁of",
                "▁the",
                "▁security",
                "▁council",
                "▁will",
                "▁be",
                "▁made",
                "▁by",
                "▁the",
                "▁number",
                "▁of",
                "▁the",
                "▁united",
                "▁nations",
                "."
            ],
            "score": -34.95083236694336
        },
        {
            "hypothesis": [
                "▁i",
                "▁hope",
                "▁that",
                "▁the",
                "▁number",
                "▁of",
                "▁the",
                "▁security",
                "▁council",
                "▁will",
                "▁be",
                "▁made",
                "▁by",
                "▁the",
                "▁number",
                "▁of",
                "▁the",
                "▁council",
                "."
            ],
            "score": -35.35078048706055
        }
    ],
    "diagnostic_info": "eyJ0IjogIjIwMjUtMDItMDNUMDg6MDc6NTcuOTM3OTk0IiwgImgiOiAiNmM3MDkxZDFkZmE5IiwgInUiOiAicm9vdCJ9"
}