{
    "example_source": [
        "▁我还",
        "澄清",
        "了",
        "在该",
        "会议上",
        "提出的",
        "若干",
        "事项",
        "。"
    ],
    "example_target": [
        "<s>",
        "▁i",
        "▁was",
        "▁able",
        "▁to",
        "▁provide",
        "▁clarification",
        "▁on",
        "▁some",
        "▁of",
        "▁the",
        "▁matters",
        "▁which",
        "▁were",
        "▁raised",
        "▁at",
        "▁that",
        "▁meeting",
        ".",
        "</s>"
    ],
    "hypotheses": [
        {
            "hypothesis": [
                "▁i",
                "▁would",
                "▁like",
                "▁to",
                "▁make",
                "▁the",
                "▁secretary",
                "-",
                "general",
                "▁to",
                "▁the",
                "▁secretary",
                "-",
                "general",
                "▁for",
                "▁the",
                "▁working",
                "▁group",
                "."
            ],
            "score": -30.36490821838379
        },
        {
            "hypothesis": [
                "▁i",
                "▁would",
                "▁like",
                "▁to",
                "▁make",
                "▁the",
                "▁secretary",
                "-",
                "general",
                "▁to",
                "▁the",
                "▁secretary",
                "-",
                "general",
                "▁for",
                "▁the",
                "▁general",
                "▁assembly",
                "."
            ],
            "score": -30.378673553466797
        },
        {
            "hypothesis": [
                "▁i",
                "▁would",
                "▁like",
                "▁to",
                "▁make",
                "▁the",
                "▁secretary",
                "-",
                "general",
                "▁to",
                "▁the",
                "▁secretary",
                "-",
                "general",
                "▁in",
                "▁the",
                "▁same",
                "▁time",
                "."
            ],
            "score": -30.981544494628906
        },
        {
            "hypothesis": [
                "▁i",
                "▁would",
                "▁like",
                "▁to",
                "▁make",
                "▁the",
                "▁secretary",
                "-",
                "general",
                "▁to",
                "▁the",
                "▁secretary",
                "-",
                "general",
                "▁to",
                "▁make",
                "▁the",
                "▁secretary",
                "-",
                "general",
                "."
            ],
            "score": -32.589393615722656
        },
        {
            "hypothesis": [
                "▁i",
                "▁would",
                "▁like",
                "▁to",
                "▁make",
                "▁the",
                "▁secretary",
                "-",
                "general",
                "▁to",
                "▁the",
                "▁secretary",
                "-",
                "general",
                "▁in",
                "▁the",
                "▁end",
                "▁of",
                "▁the",
                "▁united",
                "▁nations",
                "."
            ],
            "score": -33.2462158203125
        },
        {
            "hypothesis": [
                "▁i",
                "▁would",
                "▁like",
                "▁to",
                "▁make",
                "▁the",
                "▁secretary",
                "-",
                "general",
                "▁to",
                "▁the",
                "▁secretary",
                "-",
                "general",
                "▁in",
                "▁the",
                "▁end",
                "▁of",
                "▁the",
                "▁united",
                "▁states",
                "."
            ],
            "score": -33.676719665527344
        },
        {
            "hypothesis": [
                "▁i",
                "▁would",
                "▁like",
                "▁to",
                "▁make",
                "▁the",
                "▁secretary",
                "-",
                "general",
                "▁to",
                "▁the",
                "▁secretary",
                "-",
                "general",
                "▁in",
                "▁the",
                "▁end",
                "▁of",
                "▁the",
                "▁working",
                "▁group",
                "."
            ],
            "score": -33.74045181274414
        },
        {
            "hypothesis": [
                "▁i",
                "▁would",
                "▁like",
                "▁to",
                "▁make",
                "▁the",
                "▁secretary",
                "-",
                "general",
                "▁to",
                "▁the",
                "▁secretary",
                "-",
                "general",
                "▁to",
                "▁make",
                "▁the",
                "▁secretary",
                "-",
                "general",
                "▁for",
                "▁the",
                "▁working",
                "▁group",
                "."
            ],
            "score": -40.08475875854492
        },
        {
            "hypothesis": [
                "▁i",
                "▁would",
                "▁like",
                "▁to",
                "▁make",
                "▁the",
                "▁secretary",
                "-",
                "general",
                "▁to",
                "▁the",
                "▁secretary",
                "-",
                "general",
                "▁to",
                "▁make",
                "▁the",
                "▁secretary",
                "-",
                "general",
                "▁in",
                "▁the",
                "▁same",
                "▁time",
                "."
            ],
            "score": -40.7994270324707
        },
        {
            "hypothesis": [
                "▁i",
                "▁would",
                "▁like",
                "▁to",
                "▁make",
                "▁the",
                "▁secretary",
                "-",
                "general",
                "▁to",
                "▁the",
                "▁secretary",
                "-",
                "general",
                "▁to",
                "▁make",
                "▁the",
                "▁secretary",
                "-",
                "general",
                "▁for",
                "▁the",
                "▁same",
                "▁time",
                "."
            ],
            "score": -40.84243392944336
        }
    ],
    "diagnostic_info": "eyJ0IjogIjIwMjUtMDItMDNUMDg6MDg6MDcuNDcxMTEwIiwgImgiOiAiNmM3MDkxZDFkZmE5IiwgInUiOiAicm9vdCJ9"
}