{
    "example_source": [
        "▁我还",
        "澄清",
        "了",
        "在该",
        "会议上",
        "提出的",
        "若干",
        "事项",
        "。"
    ],
    "example_target": [
        "<s>",
        "▁i",
        "▁was",
        "▁able",
        "▁to",
        "▁provide",
        "▁clarification",
        "▁on",
        "▁some",
        "▁of",
        "▁the",
        "▁matters",
        "▁which",
        "▁were",
        "▁raised",
        "▁at",
        "▁that",
        "▁meeting",
        ".",
        "</s>"
    ],
    "hypotheses": [
        {
            "hypothesis": [
                "▁i",
                "▁also",
                "▁also",
                "▁like",
                "▁to",
                "▁say",
                "▁that",
                "▁the",
                "▁meeting",
                "▁of",
                "▁the",
                "▁meeting",
                "▁of",
                "▁the",
                "▁united",
                "▁nations",
                "."
            ],
            "score": -27.58953857421875
        },
        {
            "hypothesis": [
                "▁i",
                "▁also",
                "▁also",
                "▁like",
                "▁to",
                "▁say",
                "▁that",
                "▁the",
                "▁meeting",
                "▁of",
                "▁the",
                "▁meeting",
                "▁of",
                "▁the",
                "▁general",
                "▁assembly",
                "▁has",
                "▁been",
                "▁completed",
                "."
            ],
            "score": -32.44220733642578
        },
        {
            "hypothesis": [
                "▁i",
                "▁also",
                "▁also",
                "▁like",
                "▁to",
                "▁say",
                "▁that",
                "▁the",
                "▁meeting",
                "▁of",
                "▁the",
                "▁meeting",
                "▁of",
                "▁the",
                "▁general",
                "▁assembly",
                "▁has",
                "▁been",
                "▁made",
                "."
            ],
            "score": -32.593345642089844
        },
        {
            "hypothesis": [
                "▁i",
                "▁also",
                "▁also",
                "▁wish",
                "▁to",
                "▁say",
                "▁that",
                "▁the",
                "▁meeting",
                "▁of",
                "▁the",
                "▁meeting",
                "▁of",
                "▁the",
                "▁general",
                "▁assembly",
                "▁has",
                "▁been",
                "▁made",
                "."
            ],
            "score": -32.63566970825195
        },
        {
            "hypothesis": [
                "▁i",
                "▁also",
                "▁also",
                "▁like",
                "▁to",
                "▁say",
                "▁that",
                "▁the",
                "▁meeting",
                "▁of",
                "▁the",
                "▁meeting",
                "▁of",
                "▁the",
                "▁united",
                "▁nations",
                "▁has",
                "▁been",
                "▁made",
                "."
            ],
            "score": -32.878746032714844
        },
        {
            "hypothesis": [
                "▁i",
                "▁also",
                "▁also",
                "▁like",
                "▁to",
                "▁say",
                "▁that",
                "▁the",
                "▁meeting",
                "▁of",
                "▁the",
                "▁meeting",
                "▁of",
                "▁the",
                "▁general",
                "▁assembly",
                "▁in",
                "▁the",
                "▁general",
                "▁assembly",
                "."
            ],
            "score": -34.0786247253418
        },
        {
            "hypothesis": [
                "▁i",
                "▁also",
                "▁also",
                "▁like",
                "▁to",
                "▁say",
                "▁that",
                "▁the",
                "▁meeting",
                "▁of",
                "▁the",
                "▁meeting",
                "▁of",
                "▁the",
                "▁united",
                "▁nations",
                "▁has",
                "▁also",
                "▁been",
                "▁made",
                "."
            ],
            "score": -34.48794174194336
        },
        {
            "hypothesis": [
                "▁i",
                "▁also",
                "▁also",
                "▁like",
                "▁to",
                "▁say",
                "▁that",
                "▁the",
                "▁meeting",
                "▁of",
                "▁the",
                "▁meeting",
                "▁of",
                "▁the",
                "▁general",
                "▁assembly",
                "▁in",
                "▁the",
                "▁general",
                "▁assembly",
                "▁of",
                "▁the",
                "▁council",
                "."
            ],
            "score": -40.19590759277344
        },
        {
            "hypothesis": [
                "▁i",
                "▁also",
                "▁also",
                "▁like",
                "▁to",
                "▁say",
                "▁that",
                "▁the",
                "▁meeting",
                "▁of",
                "▁the",
                "▁meeting",
                "▁of",
                "▁the",
                "▁general",
                "▁assembly",
                "▁in",
                "▁the",
                "▁general",
                "▁assembly",
                ",",
                "▁which",
                "▁would",
                "▁also",
                "▁be",
                "▁a",
                "▁result",
                "▁of",
                "▁the",
                "▁united",
                "▁nations",
                "."
            ],
            "score": -52.994544982910156
        },
        {
            "hypothesis": [
                "▁i",
                "▁also",
                "▁also",
                "▁like",
                "▁to",
                "▁say",
                "▁that",
                "▁the",
                "▁meeting",
                "▁of",
                "▁the",
                "▁meeting",
                "▁of",
                "▁the",
                "▁general",
                "▁assembly",
                "▁in",
                "▁the",
                "▁general",
                "▁assembly",
                ",",
                "▁which",
                "▁would",
                "▁also",
                "▁be",
                "▁a",
                "▁result",
                "▁of",
                "▁the",
                "▁general",
                "▁assembly",
                "."
            ],
            "score": -53.42351150512695
        }
    ],
    "diagnostic_info": "eyJ0IjogIjIwMjUtMDItMDNUMDg6MDg6MTcuNDA4NTk1IiwgImgiOiAiNmM3MDkxZDFkZmE5IiwgInUiOiAicm9vdCJ9"
}