{
    "example_source": [
        "▁我还",
        "澄清",
        "了",
        "在该",
        "会议上",
        "提出的",
        "若干",
        "事项",
        "。"
    ],
    "example_target": [
        "<s>",
        "▁i",
        "▁was",
        "▁able",
        "▁to",
        "▁provide",
        "▁clarification",
        "▁on",
        "▁some",
        "▁of",
        "▁the",
        "▁matters",
        "▁which",
        "▁were",
        "▁raised",
        "▁at",
        "▁that",
        "▁meeting",
        ".",
        "</s>"
    ],
    "hypotheses": [
        {
            "hypothesis": [
                "▁i",
                "▁also",
                "▁also",
                "▁noted",
                "▁that",
                "▁there",
                "▁had",
                "▁been",
                "▁a",
                "▁result",
                "▁of",
                "▁the",
                "▁secretary",
                "-",
                "general",
                "▁of",
                "▁the",
                "▁meeting",
                "▁of",
                "▁the",
                "▁2",
                "▁session",
                "."
            ],
            "score": -37.366668701171875
        },
        {
            "hypothesis": [
                "▁i",
                "▁also",
                "▁also",
                "▁noted",
                "▁that",
                "▁there",
                "▁had",
                "▁been",
                "▁a",
                "▁result",
                "▁of",
                "▁the",
                "▁secretary",
                "-",
                "general",
                "▁on",
                "▁the",
                "▁meeting",
                "▁of",
                "▁the",
                "▁meeting",
                "▁of",
                "▁the",
                "▁meeting",
                "."
            ],
            "score": -40.36612319946289
        },
        {
            "hypothesis": [
                "▁i",
                "▁also",
                "▁also",
                "▁noted",
                "▁that",
                "▁there",
                "▁had",
                "▁been",
                "▁a",
                "▁result",
                "▁of",
                "▁the",
                "▁secretary",
                "-",
                "general",
                "▁of",
                "▁the",
                "▁meeting",
                "▁of",
                "▁the",
                "▁meeting",
                "▁of",
                "▁the",
                "▁meeting",
                "."
            ],
            "score": -40.41810989379883
        },
        {
            "hypothesis": [
                "▁i",
                "▁also",
                "▁also",
                "▁noted",
                "▁that",
                "▁there",
                "▁had",
                "▁been",
                "▁a",
                "▁result",
                "▁of",
                "▁the",
                "▁secretary",
                "-",
                "general",
                "▁of",
                "▁the",
                "▁meeting",
                "▁of",
                "▁the",
                "▁2",
                "▁session",
                "▁of",
                "▁the",
                "▁meeting",
                "."
            ],
            "score": -41.834224700927734
        },
        {
            "hypothesis": [
                "▁i",
                "▁also",
                "▁also",
                "▁noted",
                "▁that",
                "▁there",
                "▁had",
                "▁been",
                "▁a",
                "▁result",
                "▁of",
                "▁the",
                "▁secretary",
                "-",
                "general",
                "▁of",
                "▁the",
                "▁meeting",
                "▁of",
                "▁the",
                "▁2",
                "▁session",
                "▁of",
                "▁the",
                "▁2",
                "▁session",
                "."
            ],
            "score": -43.133975982666016
        },
        {
            "hypothesis": [
                "▁i",
                "▁also",
                "▁also",
                "▁noted",
                "▁that",
                "▁there",
                "▁had",
                "▁been",
                "▁a",
                "▁result",
                "▁of",
                "▁the",
                "▁secretary",
                "-",
                "general",
                "▁of",
                "▁the",
                "▁meeting",
                "▁of",
                "▁the",
                "▁meeting",
                "▁of",
                "▁the",
                "▁meeting",
                "▁of",
                "▁the",
                "▁meeting",
                "."
            ],
            "score": -44.917354583740234
        },
        {
            "hypothesis": [
                "▁i",
                "▁also",
                "▁also",
                "▁noted",
                "▁that",
                "▁there",
                "▁had",
                "▁been",
                "▁a",
                "▁result",
                "▁of",
                "▁the",
                "▁secretary",
                "-",
                "general",
                "▁on",
                "▁the",
                "▁meeting",
                "▁of",
                "▁the",
                "▁meeting",
                "▁of",
                "▁the",
                "▁meeting",
                "▁of",
                "▁the",
                "▁meeting",
                "."
            ],
            "score": -44.9197883605957
        },
        {
            "hypothesis": [
                "▁i",
                "▁also",
                "▁also",
                "▁noted",
                "▁that",
                "▁there",
                "▁had",
                "▁been",
                "▁a",
                "▁result",
                "▁of",
                "▁the",
                "▁secretary",
                "-",
                "general",
                "▁of",
                "▁the",
                "▁meeting",
                "▁of",
                "▁the",
                "▁meeting",
                "▁of",
                "▁the",
                "▁meeting",
                "▁of",
                "▁the",
                "▁council",
                "."
            ],
            "score": -45.32552719116211
        },
        {
            "hypothesis": [
                "▁i",
                "▁also",
                "▁also",
                "▁noted",
                "▁that",
                "▁there",
                "▁had",
                "▁been",
                "▁a",
                "▁result",
                "▁of",
                "▁the",
                "▁secretary",
                "-",
                "general",
                "▁of",
                "▁the",
                "▁meeting",
                "▁of",
                "▁the",
                "▁meeting",
                "▁of",
                "▁the",
                "▁meeting",
                "▁of",
                "▁the",
                "▁meeting",
                "▁of",
                "▁the",
                "▁meeting",
                "."
            ],
            "score": -49.93333435058594
        },
        {
            "hypothesis": [
                "▁i",
                "▁also",
                "▁also",
                "▁noted",
                "▁that",
                "▁there",
                "▁had",
                "▁been",
                "▁a",
                "▁result",
                "▁of",
                "▁the",
                "▁secretary",
                "-",
                "general",
                "▁of",
                "▁the",
                "▁meeting",
                "▁of",
                "▁the",
                "▁meeting",
                "▁of",
                "▁the",
                "▁meeting",
                "▁of",
                "▁the",
                "▁meeting",
                "▁of",
                "▁the",
                "▁council",
                "."
            ],
            "score": -50.10445022583008
        }
    ],
    "diagnostic_info": "eyJ0IjogIjIwMjUtMDItMDNUMDg6MDg6MjguMzEwMzM4IiwgImgiOiAiNmM3MDkxZDFkZmE5IiwgInUiOiAicm9vdCJ9"
}