{
    "example_source": [
        "▁我还",
        "澄清",
        "了",
        "在该",
        "会议上",
        "提出的",
        "若干",
        "事项",
        "。"
    ],
    "example_target": [
        "<s>",
        "▁i",
        "▁was",
        "▁able",
        "▁to",
        "▁provide",
        "▁clarification",
        "▁on",
        "▁some",
        "▁of",
        "▁the",
        "▁matters",
        "▁which",
        "▁were",
        "▁raised",
        "▁at",
        "▁that",
        "▁meeting",
        ".",
        "</s>"
    ],
    "hypotheses": [
        {
            "hypothesis": [
                "▁i",
                "▁would",
                "▁also",
                "▁like",
                "▁to",
                "▁thank",
                "▁the",
                "▁meeting",
                "▁of",
                "▁the",
                "▁conference",
                "▁on",
                "▁a",
                "▁number",
                "▁of",
                "▁a",
                "▁number",
                "▁of",
                "▁number",
                "▁of",
                "▁a",
                "▁number",
                "▁of",
                "▁a",
                "▁number",
                "▁of",
                "▁information",
                "."
            ],
            "score": -47.961952209472656
        },
        {
            "hypothesis": [
                "▁i",
                "▁would",
                "▁also",
                "▁like",
                "▁to",
                "▁thank",
                "▁the",
                "▁meeting",
                "▁of",
                "▁the",
                "▁conference",
                "▁on",
                "▁a",
                "▁number",
                "▁of",
                "▁a",
                "▁number",
                "▁of",
                "▁a",
                "▁number",
                "▁of",
                "▁a",
                "▁number",
                "▁of",
                "▁a",
                "▁number",
                "▁of",
                "▁information",
                "."
            ],
            "score": -49.791236877441406
        },
        {
            "hypothesis": [
                "▁i",
                "▁would",
                "▁also",
                "▁like",
                "▁to",
                "▁thank",
                "▁the",
                "▁meeting",
                "▁of",
                "▁the",
                "▁conference",
                "▁on",
                "▁a",
                "▁number",
                "▁of",
                "▁a",
                "▁number",
                "▁of",
                "▁number",
                "▁of",
                "▁a",
                "▁number",
                "▁of",
                "▁a",
                "▁number",
                "▁of",
                "▁a",
                "▁number",
                "▁of",
                "▁information",
                "."
            ],
            "score": -53.454830169677734
        },
        {
            "hypothesis": [
                "▁i",
                "▁would",
                "▁also",
                "▁like",
                "▁to",
                "▁thank",
                "▁the",
                "▁meeting",
                "▁of",
                "▁the",
                "▁conference",
                "▁on",
                "▁a",
                "▁number",
                "▁of",
                "▁a",
                "▁number",
                "▁of",
                "▁a",
                "▁number",
                "▁of",
                "▁a",
                "▁number",
                "▁of",
                "▁a",
                "▁number",
                "▁of",
                "▁a",
                "▁number",
                "▁of",
                "▁information",
                "."
            ],
            "score": -55.358917236328125
        },
        {
            "hypothesis": [
                "▁i",
                "▁would",
                "▁also",
                "▁like",
                "▁to",
                "▁thank",
                "▁the",
                "▁meeting",
                "▁of",
                "▁the",
                "▁conference",
                "▁on",
                "▁a",
                "▁number",
                "▁of",
                "▁a",
                "▁number",
                "▁of",
                "▁number",
                "▁of",
                "▁a",
                "▁number",
                "▁of",
                "▁a",
                "▁number",
                "▁of",
                "▁a",
                "▁number",
                "▁of",
                "▁a",
                "▁number",
                "▁of",
                "▁information",
                "."
            ],
            "score": -59.123390197753906
        },
        {
            "hypothesis": [
                "▁i",
                "▁would",
                "▁also",
                "▁like",
                "▁to",
                "▁thank",
                "▁the",
                "▁meeting",
                "▁of",
                "▁the",
                "▁conference",
                "▁on",
                "▁a",
                "▁number",
                "▁of",
                "▁a",
                "▁number",
                "▁of",
                "▁number",
                "▁of",
                "▁a",
                "▁number",
                "▁of",
                "▁a",
                "▁number",
                "▁of",
                "▁a",
                "▁number",
                "▁of",
                "▁a",
                "▁number",
                "▁of",
                "▁number",
                "."
            ],
            "score": -59.95258331298828
        },
        {
            "hypothesis": [
                "▁i",
                "▁would",
                "▁also",
                "▁like",
                "▁to",
                "▁thank",
                "▁the",
                "▁meeting",
                "▁of",
                "▁the",
                "▁conference",
                "▁on",
                "▁a",
                "▁number",
                "▁of",
                "▁a",
                "▁number",
                "▁of",
                "▁a",
                "▁number",
                "▁of",
                "▁a",
                "▁number",
                "▁of",
                "▁a",
                "▁number",
                "▁of",
                "▁a",
                "▁number",
                "▁of",
                "▁a",
                "▁number",
                "▁of",
                "▁number",
                "."
            ],
            "score": -61.90987777709961
        },
        {
            "hypothesis": [
                "▁i",
                "▁would",
                "▁also",
                "▁like",
                "▁to",
                "▁thank",
                "▁the",
                "▁meeting",
                "▁of",
                "▁the",
                "▁conference",
                "▁on",
                "▁a",
                "▁number",
                "▁of",
                "▁a",
                "▁number",
                "▁of",
                "▁number",
                "▁of",
                "▁a",
                "▁number",
                "▁of",
                "▁a",
                "▁number",
                "▁of",
                "▁a",
                "▁number",
                "▁of",
                "▁a",
                "▁number",
                "▁of",
                "▁a",
                "▁number",
                "▁of",
                "▁information",
                "."
            ],
            "score": -64.95475006103516
        },
        {
            "hypothesis": [
                "▁i",
                "▁would",
                "▁also",
                "▁like",
                "▁to",
                "▁thank",
                "▁the",
                "▁meeting",
                "▁of",
                "▁the",
                "▁conference",
                "▁on",
                "▁a",
                "▁number",
                "▁of",
                "▁a",
                "▁number",
                "▁of",
                "▁number",
                "▁of",
                "▁a",
                "▁number",
                "▁of",
                "▁a",
                "▁number",
                "▁of",
                "▁a",
                "▁number",
                "▁of",
                "▁a",
                "▁number",
                "▁of",
                "▁a",
                "▁number",
                "▁of",
                "▁number",
                "."
            ],
            "score": -65.76922607421875
        },
        {
            "hypothesis": [
                "▁i",
                "▁would",
                "▁also",
                "▁like",
                "▁to",
                "▁thank",
                "▁the",
                "▁meeting",
                "▁of",
                "▁the",
                "▁conference",
                "▁on",
                "▁a",
                "▁number",
                "▁of",
                "▁a",
                "▁number",
                "▁of",
                "▁number",
                "▁of",
                "▁a",
                "▁number",
                "▁of",
                "▁a",
                "▁number",
                "▁of",
                "▁a",
                "▁number",
                "▁of",
                "▁a",
                "▁number",
                "▁of",
                "▁a",
                "▁number",
                "▁of",
                "▁number",
                "▁of",
                "▁the",
                "▁conference",
                "."
            ],
            "score": -72.18669891357422
        }
    ],
    "diagnostic_info": "eyJ0IjogIjIwMjUtMDItMDNUMDg6MDg6MzkuNDA3NzExIiwgImgiOiAiNmM3MDkxZDFkZmE5IiwgInUiOiAicm9vdCJ9"
}