{
    "example_source": [
        "▁我还",
        "澄清",
        "了",
        "在该",
        "会议上",
        "提出的",
        "若干",
        "事项",
        "。"
    ],
    "example_target": [
        "<s>",
        "▁i",
        "▁was",
        "▁able",
        "▁to",
        "▁provide",
        "▁clarification",
        "▁on",
        "▁some",
        "▁of",
        "▁the",
        "▁matters",
        "▁which",
        "▁were",
        "▁raised",
        "▁at",
        "▁that",
        "▁meeting",
        ".",
        "</s>"
    ],
    "hypotheses": [
        {
            "hypothesis": [
                "▁i",
                "▁would",
                "▁also",
                "▁like",
                "▁to",
                "▁note",
                "▁a",
                "▁number",
                "▁of",
                "▁a",
                "▁number",
                "▁of",
                "▁number",
                "▁of",
                "▁a",
                "▁number",
                "▁of",
                "▁number",
                "▁of",
                "▁a",
                "▁number",
                "▁of",
                "▁number",
                "▁of",
                "▁a",
                "▁number",
                "▁of",
                "▁issues",
                "▁in",
                "▁the",
                "▁conference",
                "."
            ],
            "score": -41.16010284423828
        },
        {
            "hypothesis": [
                "▁i",
                "▁would",
                "▁also",
                "▁like",
                "▁to",
                "▁note",
                "▁a",
                "▁number",
                "▁of",
                "▁number",
                "▁of",
                "▁a",
                "▁number",
                "▁of",
                "▁a",
                "▁number",
                "▁of",
                "▁number",
                "▁of",
                "▁a",
                "▁number",
                "▁of",
                "▁number",
                "▁of",
                "▁a",
                "▁number",
                "▁of",
                "▁issues",
                "▁in",
                "▁the",
                "▁conference",
                "."
            ],
            "score": -41.232059478759766
        },
        {
            "hypothesis": [
                "▁i",
                "▁would",
                "▁also",
                "▁like",
                "▁to",
                "▁note",
                "▁a",
                "▁number",
                "▁of",
                "▁number",
                "▁of",
                "▁a",
                "▁number",
                "▁of",
                "▁number",
                "▁of",
                "▁a",
                "▁number",
                "▁of",
                "▁number",
                "▁of",
                "▁a",
                "▁number",
                "▁of",
                "▁number",
                "▁of",
                "▁a",
                "▁number",
                "▁of",
                "▁issues",
                "▁in",
                "▁the",
                "▁conference",
                "."
            ],
            "score": -43.7977409362793
        },
        {
            "hypothesis": [
                "▁i",
                "▁would",
                "▁also",
                "▁like",
                "▁to",
                "▁note",
                "▁a",
                "▁number",
                "▁of",
                "▁number",
                "▁of",
                "▁a",
                "▁number",
                "▁of",
                "▁number",
                "▁of",
                "▁a",
                "▁number",
                "▁of",
                "▁number",
                "▁of",
                "▁a",
                "▁number",
                "▁of",
                "▁number",
                "▁of",
                "▁a",
                "▁number",
                "▁of",
                "▁number",
                "▁of",
                "▁a",
                "▁number",
                "▁of",
                "▁issues",
                "▁in",
                "▁the",
                "▁conference",
                "."
            ],
            "score": -50.643821716308594
        },
        {
            "hypothesis": [
                "▁i",
                "▁would",
                "▁also",
                "▁like",
                "▁to",
                "▁note",
                "▁a",
                "▁number",
                "▁of",
                "▁a",
                "▁number",
                "▁of",
                "▁number",
                "▁of",
                "▁a",
                "▁number",
                "▁of",
                "▁number",
                "▁of",
                "▁a",
                "▁number",
                "▁of",
                "▁number",
                "▁of",
                "▁a",
                "▁number",
                "▁of",
                "▁number",
                "▁of",
                "▁a",
                "▁number",
                "▁of",
                "▁number",
                "▁of",
                "▁a",
                "▁number",
                "▁of",
                "▁issues",
                "."
            ],
            "score": -51.36149597167969
        },
        {
            "hypothesis": [
                "▁i",
                "▁would",
                "▁also",
                "▁like",
                "▁to",
                "▁note",
                "▁a",
                "▁number",
                "▁of",
                "▁a",
                "▁number",
                "▁of",
                "▁number",
                "▁of",
                "▁a",
                "▁number",
                "▁of",
                "▁number",
                "▁of",
                "▁a",
                "▁number",
                "▁of",
                "▁number",
                "▁of",
                "▁a",
                "▁number",
                "▁of",
                "▁number",
                "▁of",
                "▁a",
                "▁number",
                "▁of",
                "▁a",
                "▁number",
                "▁of",
                "▁issues",
                "▁in",
                "▁the",
                "▁conference",
                "."
            ],
            "score": -52.363563537597656
        },
        {
            "hypothesis": [
                "▁i",
                "▁would",
                "▁also",
                "▁like",
                "▁to",
                "▁note",
                "▁a",
                "▁number",
                "▁of",
                "▁number",
                "▁of",
                "▁a",
                "▁number",
                "▁of",
                "▁number",
                "▁of",
                "▁a",
                "▁number",
                "▁of",
                "▁number",
                "▁of",
                "▁a",
                "▁number",
                "▁of",
                "▁number",
                "▁of",
                "▁a",
                "▁number",
                "▁of",
                "▁number",
                "▁of",
                "▁a",
                "▁number",
                "▁of",
                "▁number",
                "▁of",
                "▁a",
                "▁number",
                "▁of",
                "▁issues",
                "."
            ],
            "score": -54.03129196166992
        },
        {
            "hypothesis": [
                "▁i",
                "▁would",
                "▁also",
                "▁like",
                "▁to",
                "▁note",
                "▁a",
                "▁number",
                "▁of",
                "▁a",
                "▁number",
                "▁of",
                "▁number",
                "▁of",
                "▁a",
                "▁number",
                "▁of",
                "▁number",
                "▁of",
                "▁a",
                "▁number",
                "▁of",
                "▁number",
                "▁of",
                "▁a",
                "▁number",
                "▁of",
                "▁number",
                "▁of",
                "▁a",
                "▁number",
                "▁of",
                "▁number",
                "▁of",
                "▁a",
                "▁number",
                "▁of",
                "▁issues",
                "▁in",
                "▁the",
                "▁conference",
                "."
            ],
            "score": -54.8665657043457
        },
        {
            "hypothesis": [
                "▁i",
                "▁would",
                "▁also",
                "▁like",
                "▁to",
                "▁note",
                "▁a",
                "▁number",
                "▁of",
                "▁number",
                "▁of",
                "▁a",
                "▁number",
                "▁of",
                "▁number",
                "▁of",
                "▁a",
                "▁number",
                "▁of",
                "▁number",
                "▁of",
                "▁a",
                "▁number",
                "▁of",
                "▁number",
                "▁of",
                "▁a",
                "▁number",
                "▁of",
                "▁number",
                "▁of",
                "▁a",
                "▁number",
                "▁of",
                "▁number",
                "▁of",
                "▁a",
                "▁number",
                "▁of",
                "▁number",
                "▁of",
                "▁issues",
                "."
            ],
            "score": -56.94799041748047
        },
        {
            "hypothesis": [
                "▁i",
                "▁would",
                "▁also",
                "▁like",
                "▁to",
                "▁note",
                "▁a",
                "▁number",
                "▁of",
                "▁number",
                "▁of",
                "▁a",
                "▁number",
                "▁of",
                "▁number",
                "▁of",
                "▁a",
                "▁number",
                "▁of",
                "▁number",
                "▁of",
                "▁a",
                "▁number",
                "▁of",
                "▁number",
                "▁of",
                "▁a",
                "▁number",
                "▁of",
                "▁number",
                "▁of",
                "▁a",
                "▁number",
                "▁of",
                "▁number",
                "▁of",
                "▁a",
                "▁number",
                "▁of",
                "▁issues",
                "▁in",
                "▁the",
                "▁conference",
                "."
            ],
            "score": -57.75137710571289
        }
    ],
    "diagnostic_info": "eyJ0IjogIjIwMjUtMDItMDNUMDg6MDk6MDEuNzQ3Nzg1IiwgImgiOiAiNmM3MDkxZDFkZmE5IiwgInUiOiAicm9vdCJ9"
}