{
    "example_source": [
        "▁我还",
        "澄清",
        "了",
        "在该",
        "会议上",
        "提出的",
        "若干",
        "事项",
        "。"
    ],
    "example_target": [
        "<s>",
        "▁i",
        "▁was",
        "▁able",
        "▁to",
        "▁provide",
        "▁clarification",
        "▁on",
        "▁some",
        "▁of",
        "▁the",
        "▁matters",
        "▁which",
        "▁were",
        "▁raised",
        "▁at",
        "▁that",
        "▁meeting",
        ".",
        "</s>"
    ],
    "hypotheses": [
        {
            "hypothesis": [
                "▁i",
                "▁also",
                "▁also",
                "▁wish",
                "▁to",
                "▁note",
                "▁that",
                "▁there",
                "▁is",
                "▁a",
                "▁number",
                "▁of",
                "▁number",
                "▁of",
                "▁a",
                "▁number",
                "▁of",
                "▁number",
                "▁of",
                "▁a",
                "▁number",
                "▁of",
                "▁issues",
                "."
            ],
            "score": -32.98501205444336
        },
        {
            "hypothesis": [
                "▁i",
                "▁also",
                "▁also",
                "▁wish",
                "▁to",
                "▁note",
                "▁that",
                "▁there",
                "▁is",
                "▁a",
                "▁number",
                "▁of",
                "▁number",
                "▁of",
                "▁a",
                "▁number",
                "▁of",
                "▁number",
                "▁of",
                "▁a",
                "▁number",
                "▁of",
                "▁questions",
                "."
            ],
            "score": -33.7773551940918
        },
        {
            "hypothesis": [
                "▁i",
                "▁also",
                "▁also",
                "▁wish",
                "▁to",
                "▁note",
                "▁that",
                "▁there",
                "▁is",
                "▁a",
                "▁number",
                "▁of",
                "▁number",
                "▁of",
                "▁a",
                "▁number",
                "▁of",
                "▁number",
                "▁of",
                "▁a",
                "▁number",
                "▁of",
                "▁number",
                "."
            ],
            "score": -33.832763671875
        },
        {
            "hypothesis": [
                "▁i",
                "▁also",
                "▁also",
                "▁wish",
                "▁to",
                "▁note",
                "▁that",
                "▁there",
                "▁is",
                "▁a",
                "▁number",
                "▁of",
                "▁number",
                "▁of",
                "▁a",
                "▁number",
                "▁of",
                "▁issues",
                "▁at",
                "▁the",
                "▁meeting",
                "▁of",
                "▁the",
                "▁meeting",
                "."
            ],
            "score": -33.939117431640625
        },
        {
            "hypothesis": [
                "▁i",
                "▁also",
                "▁also",
                "▁wish",
                "▁to",
                "▁note",
                "▁that",
                "▁there",
                "▁is",
                "▁a",
                "▁number",
                "▁of",
                "▁number",
                "▁of",
                "▁a",
                "▁number",
                "▁of",
                "▁issues",
                "▁at",
                "▁the",
                "▁meeting",
                "▁of",
                "▁the",
                "▁conference",
                "."
            ],
            "score": -34.290523529052734
        },
        {
            "hypothesis": [
                "▁i",
                "▁also",
                "▁also",
                "▁wish",
                "▁to",
                "▁note",
                "▁that",
                "▁there",
                "▁is",
                "▁a",
                "▁number",
                "▁of",
                "▁number",
                "▁of",
                "▁a",
                "▁number",
                "▁of",
                "▁number",
                "▁of",
                "▁a",
                "▁number",
                "▁of",
                "▁number",
                "▁of",
                "▁issues",
                "."
            ],
            "score": -35.95341491699219
        },
        {
            "hypothesis": [
                "▁i",
                "▁also",
                "▁also",
                "▁wish",
                "▁to",
                "▁note",
                "▁that",
                "▁there",
                "▁is",
                "▁a",
                "▁number",
                "▁of",
                "▁number",
                "▁of",
                "▁number",
                "▁of",
                "▁a",
                "▁number",
                "▁of",
                "▁number",
                "▁of",
                "▁a",
                "▁number",
                "▁of",
                "▁number",
                "s",
                "."
            ],
            "score": -37.78913879394531
        },
        {
            "hypothesis": [
                "▁i",
                "▁also",
                "▁also",
                "▁wish",
                "▁to",
                "▁note",
                "▁that",
                "▁there",
                "▁is",
                "▁a",
                "▁number",
                "▁of",
                "▁number",
                "▁of",
                "▁number",
                "▁of",
                "▁a",
                "▁number",
                "▁of",
                "▁number",
                "▁of",
                "▁a",
                "▁number",
                "▁of",
                "▁number",
                "▁of",
                "▁issues",
                "."
            ],
            "score": -39.36144256591797
        },
        {
            "hypothesis": [
                "▁i",
                "▁also",
                "▁also",
                "▁wish",
                "▁to",
                "▁note",
                "▁that",
                "▁there",
                "▁is",
                "▁a",
                "▁number",
                "▁of",
                "▁number",
                "▁of",
                "▁number",
                "▁of",
                "▁a",
                "▁number",
                "▁of",
                "▁number",
                "▁of",
                "▁a",
                "▁number",
                "▁of",
                "▁number",
                "s",
                "▁of",
                "▁the",
                "▁conference",
                "."
            ],
            "score": -43.4116325378418
        },
        {
            "hypothesis": [
                "▁i",
                "▁also",
                "▁also",
                "▁wish",
                "▁to",
                "▁note",
                "▁that",
                "▁there",
                "▁is",
                "▁a",
                "▁number",
                "▁of",
                "▁number",
                "▁of",
                "▁number",
                "▁of",
                "▁a",
                "▁number",
                "▁of",
                "▁number",
                "▁of",
                "▁a",
                "▁number",
                "▁of",
                "▁number",
                "s",
                "▁of",
                "▁the",
                "▁meeting",
                "."
            ],
            "score": -43.53240203857422
        }
    ],
    "diagnostic_info": "eyJ0IjogIjIwMjUtMDItMDNUMDg6MDk6MjQuMDIwNTEzIiwgImgiOiAiNmM3MDkxZDFkZmE5IiwgInUiOiAicm9vdCJ9"
}