{
    "example_source": [
        "▁我还",
        "澄清",
        "了",
        "在该",
        "会议上",
        "提出的",
        "若干",
        "事项",
        "。"
    ],
    "example_target": [
        "<s>",
        "▁i",
        "▁was",
        "▁able",
        "▁to",
        "▁provide",
        "▁clarification",
        "▁on",
        "▁some",
        "▁of",
        "▁the",
        "▁matters",
        "▁which",
        "▁were",
        "▁raised",
        "▁at",
        "▁that",
        "▁meeting",
        ".",
        "</s>"
    ],
    "hypotheses": [
        {
            "hypothesis": [
                "▁i",
                "▁also",
                "▁wish",
                "▁to",
                "▁thank",
                "▁the",
                "▁number",
                "▁of",
                "▁a",
                "▁number",
                "▁of",
                "▁number",
                "▁of",
                "▁a",
                "▁number",
                "▁of",
                "▁a",
                "▁number",
                "▁of",
                "▁cases",
                "."
            ],
            "score": -27.819047927856445
        },
        {
            "hypothesis": [
                "▁i",
                "▁also",
                "▁wish",
                "▁to",
                "▁thank",
                "▁the",
                "▁number",
                "▁of",
                "▁a",
                "▁number",
                "▁of",
                "▁number",
                "▁of",
                "▁a",
                "▁number",
                "▁of",
                "▁a",
                "▁number",
                "▁of",
                "▁questions",
                "."
            ],
            "score": -27.859386444091797
        },
        {
            "hypothesis": [
                "▁i",
                "▁would",
                "▁also",
                "▁like",
                "▁to",
                "▁thank",
                "▁the",
                "▁number",
                "▁of",
                "▁a",
                "▁number",
                "▁of",
                "▁a",
                "▁number",
                "▁of",
                "▁cases",
                "▁in",
                "▁the",
                "▁meeting",
                "▁of",
                "▁the",
                "▁meeting",
                "."
            ],
            "score": -29.551956176757812
        },
        {
            "hypothesis": [
                "▁i",
                "▁would",
                "▁also",
                "▁like",
                "▁to",
                "▁thank",
                "▁the",
                "▁number",
                "▁of",
                "▁a",
                "▁number",
                "▁of",
                "▁a",
                "▁number",
                "▁of",
                "▁cases",
                "▁in",
                "▁the",
                "▁meeting",
                "▁of",
                "▁the",
                "▁conference",
                "."
            ],
            "score": -30.076969146728516
        },
        {
            "hypothesis": [
                "▁i",
                "▁also",
                "▁wish",
                "▁to",
                "▁thank",
                "▁the",
                "▁number",
                "▁of",
                "▁a",
                "▁number",
                "▁of",
                "▁number",
                "▁of",
                "▁a",
                "▁number",
                "▁of",
                "▁number",
                "▁of",
                "▁a",
                "▁number",
                "▁of",
                "▁cases",
                "."
            ],
            "score": -30.409555435180664
        },
        {
            "hypothesis": [
                "▁i",
                "▁also",
                "▁wish",
                "▁to",
                "▁thank",
                "▁the",
                "▁number",
                "▁of",
                "▁a",
                "▁number",
                "▁of",
                "▁number",
                "▁of",
                "▁a",
                "▁number",
                "▁of",
                "▁number",
                "▁of",
                "▁a",
                "▁number",
                "▁of",
                "▁questions",
                "."
            ],
            "score": -30.451032638549805
        },
        {
            "hypothesis": [
                "▁i",
                "▁would",
                "▁also",
                "▁like",
                "▁to",
                "▁thank",
                "▁the",
                "▁number",
                "▁of",
                "▁a",
                "▁number",
                "▁of",
                "▁number",
                "▁of",
                "▁a",
                "▁number",
                "▁of",
                "▁cases",
                "▁in",
                "▁the",
                "▁meeting",
                "▁of",
                "▁the",
                "▁meeting",
                "."
            ],
            "score": -31.913320541381836
        },
        {
            "hypothesis": [
                "▁i",
                "▁would",
                "▁also",
                "▁like",
                "▁to",
                "▁thank",
                "▁the",
                "▁number",
                "▁of",
                "▁a",
                "▁number",
                "▁of",
                "▁number",
                "▁of",
                "▁a",
                "▁number",
                "▁of",
                "▁cases",
                "▁in",
                "▁the",
                "▁meeting",
                "▁of",
                "▁the",
                "▁conference",
                "."
            ],
            "score": -32.37408447265625
        },
        {
            "hypothesis": [
                "▁i",
                "▁would",
                "▁also",
                "▁like",
                "▁to",
                "▁thank",
                "▁the",
                "▁number",
                "▁of",
                "▁a",
                "▁number",
                "▁of",
                "▁a",
                "▁number",
                "▁of",
                "▁cases",
                "▁in",
                "▁the",
                "▁meeting",
                "▁of",
                "▁the",
                "▁conference",
                "▁on",
                "▁the",
                "▁meeting",
                "."
            ],
            "score": -32.69712448120117
        },
        {
            "hypothesis": [
                "▁i",
                "▁would",
                "▁also",
                "▁like",
                "▁to",
                "▁thank",
                "▁the",
                "▁number",
                "▁of",
                "▁a",
                "▁number",
                "▁of",
                "▁a",
                "▁number",
                "▁of",
                "▁cases",
                "▁in",
                "▁the",
                "▁meeting",
                "▁of",
                "▁the",
                "▁conference",
                "▁on",
                "▁the",
                "▁meeting",
                "▁of",
                "▁the",
                "▁meeting",
                "."
            ],
            "score": -35.204246520996094
        }
    ],
    "diagnostic_info": "eyJ0IjogIjIwMjUtMDItMDNUMDg6MDk6NDYuMTA3MDY1IiwgImgiOiAiNmM3MDkxZDFkZmE5IiwgInUiOiAicm9vdCJ9"
}