{
    "example_source": [
        "▁我还",
        "澄清",
        "了",
        "在该",
        "会议上",
        "提出的",
        "若干",
        "事项",
        "。"
    ],
    "example_target": [
        "<s>",
        "▁i",
        "▁was",
        "▁able",
        "▁to",
        "▁provide",
        "▁clarification",
        "▁on",
        "▁some",
        "▁of",
        "▁the",
        "▁matters",
        "▁which",
        "▁were",
        "▁raised",
        "▁at",
        "▁that",
        "▁meeting",
        ".",
        "</s>"
    ],
    "hypotheses": [
        {
            "hypothesis": [
                "▁i",
                "▁also",
                "▁wish",
                "▁to",
                "▁note",
                "▁that",
                "▁there",
                "▁were",
                "▁a",
                "▁number",
                "▁of",
                "▁number",
                "▁of",
                "▁cases",
                "▁in",
                "▁the",
                "▁conference",
                "."
            ],
            "score": -20.38933563232422
        },
        {
            "hypothesis": [
                "▁i",
                "▁also",
                "▁wish",
                "▁to",
                "▁note",
                "▁that",
                "▁there",
                "▁were",
                "▁a",
                "▁number",
                "▁of",
                "▁number",
                "▁of",
                "▁questions",
                "▁in",
                "▁the",
                "▁conference",
                "."
            ],
            "score": -20.463825225830078
        },
        {
            "hypothesis": [
                "▁i",
                "▁also",
                "▁wish",
                "▁to",
                "▁note",
                "▁that",
                "▁there",
                "▁were",
                "▁a",
                "▁number",
                "▁of",
                "▁cases",
                "▁in",
                "▁the",
                "▁meeting",
                "▁of",
                "▁the",
                "▁conference",
                "."
            ],
            "score": -20.725387573242188
        },
        {
            "hypothesis": [
                "▁i",
                "▁also",
                "▁wish",
                "▁to",
                "▁note",
                "▁that",
                "▁there",
                "▁were",
                "▁a",
                "▁number",
                "▁of",
                "▁cases",
                "▁in",
                "▁the",
                "▁conference",
                "▁on",
                "▁the",
                "▁conference",
                "."
            ],
            "score": -21.405710220336914
        },
        {
            "hypothesis": [
                "▁i",
                "▁also",
                "▁wish",
                "▁to",
                "▁note",
                "▁that",
                "▁there",
                "▁were",
                "▁a",
                "▁number",
                "▁of",
                "▁cases",
                "▁in",
                "▁the",
                "▁conference",
                "▁on",
                "▁the",
                "▁meeting",
                "▁of",
                "▁the",
                "▁conference",
                "."
            ],
            "score": -22.897785186767578
        },
        {
            "hypothesis": [
                "▁i",
                "▁also",
                "▁wish",
                "▁to",
                "▁note",
                "▁that",
                "▁there",
                "▁were",
                "▁a",
                "▁number",
                "▁of",
                "▁number",
                "▁of",
                "▁cases",
                "▁in",
                "▁the",
                "▁conference",
                "▁on",
                "▁the",
                "▁conference",
                "."
            ],
            "score": -23.314489364624023
        },
        {
            "hypothesis": [
                "▁i",
                "▁also",
                "▁wish",
                "▁to",
                "▁note",
                "▁that",
                "▁there",
                "▁were",
                "▁a",
                "▁number",
                "▁of",
                "▁cases",
                "▁in",
                "▁the",
                "▁conference",
                "▁on",
                "▁a",
                "▁number",
                "▁of",
                "▁questions",
                "."
            ],
            "score": -23.49022674560547
        },
        {
            "hypothesis": [
                "▁i",
                "▁also",
                "▁wish",
                "▁to",
                "▁note",
                "▁that",
                "▁there",
                "▁were",
                "▁a",
                "▁number",
                "▁of",
                "▁cases",
                "▁in",
                "▁the",
                "▁conference",
                "▁on",
                "▁a",
                "▁number",
                "▁of",
                "▁issues",
                "."
            ],
            "score": -23.567026138305664
        },
        {
            "hypothesis": [
                "▁i",
                "▁also",
                "▁wish",
                "▁to",
                "▁note",
                "▁that",
                "▁there",
                "▁were",
                "▁a",
                "▁number",
                "▁of",
                "▁number",
                "▁of",
                "▁cases",
                "▁in",
                "▁the",
                "▁conference",
                "▁on",
                "▁the",
                "▁meeting",
                "."
            ],
            "score": -23.625165939331055
        },
        {
            "hypothesis": [
                "▁i",
                "▁also",
                "▁wish",
                "▁to",
                "▁note",
                "▁that",
                "▁there",
                "▁were",
                "▁a",
                "▁number",
                "▁of",
                "▁cases",
                "▁in",
                "▁the",
                "▁conference",
                "▁on",
                "▁a",
                "▁number",
                "▁of",
                "▁number",
                "▁of",
                "▁issues",
                "."
            ],
            "score": -26.03327178955078
        }
    ],
    "diagnostic_info": "eyJ0IjogIjIwMjUtMDItMDNUMDg6MTA6MDguNzg2NzcyIiwgImgiOiAiNmM3MDkxZDFkZmE5IiwgInUiOiAicm9vdCJ9"
}