{
    "example_source": [
        "▁我还",
        "澄清",
        "了",
        "在该",
        "会议上",
        "提出的",
        "若干",
        "事项",
        "。"
    ],
    "example_target": [
        "<s>",
        "▁i",
        "▁was",
        "▁able",
        "▁to",
        "▁provide",
        "▁clarification",
        "▁on",
        "▁some",
        "▁of",
        "▁the",
        "▁matters",
        "▁which",
        "▁were",
        "▁raised",
        "▁at",
        "▁that",
        "▁meeting",
        ".",
        "</s>"
    ],
    "hypotheses": [
        {
            "hypothesis": [
                "▁i",
                "▁also",
                "▁clarification",
                "▁on",
                "▁the",
                "▁number",
                "▁of",
                "▁cases",
                "▁in",
                "▁the",
                "▁conference",
                "."
            ],
            "score": -12.941298484802246
        },
        {
            "hypothesis": [
                "▁i",
                "▁also",
                "▁clarification",
                "▁on",
                "▁the",
                "▁number",
                "▁of",
                "▁cases",
                "▁in",
                "▁the",
                "▁meeting",
                "."
            ],
            "score": -13.746504783630371
        },
        {
            "hypothesis": [
                "▁i",
                "▁also",
                "▁clarification",
                "▁on",
                "▁the",
                "▁number",
                "▁of",
                "▁cases",
                "▁in",
                "▁the",
                "▁meeting",
                "▁of",
                "▁the",
                "▁conference",
                "."
            ],
            "score": -14.784744262695312
        },
        {
            "hypothesis": [
                "▁i",
                "▁would",
                "▁also",
                "▁like",
                "▁to",
                "▁clarify",
                "▁the",
                "▁number",
                "▁of",
                "▁cases",
                "▁in",
                "▁the",
                "▁conference",
                "."
            ],
            "score": -14.911115646362305
        },
        {
            "hypothesis": [
                "▁i",
                "▁would",
                "▁also",
                "▁like",
                "▁to",
                "▁clarify",
                "▁the",
                "▁number",
                "▁of",
                "▁questions",
                "▁at",
                "▁the",
                "▁conference",
                "."
            ],
            "score": -15.017138481140137
        },
        {
            "hypothesis": [
                "▁i",
                "▁would",
                "▁also",
                "▁like",
                "▁to",
                "▁clarify",
                "▁the",
                "▁number",
                "▁of",
                "▁number",
                "▁of",
                "▁questions",
                "."
            ],
            "score": -15.127579689025879
        },
        {
            "hypothesis": [
                "▁i",
                "▁would",
                "▁also",
                "▁like",
                "▁to",
                "▁clarify",
                "▁the",
                "▁number",
                "▁of",
                "▁questions",
                "▁at",
                "▁the",
                "▁meeting",
                "."
            ],
            "score": -15.21141242980957
        },
        {
            "hypothesis": [
                "▁i",
                "▁also",
                "▁clarification",
                "▁on",
                "▁the",
                "▁number",
                "▁of",
                "▁cases",
                "▁in",
                "▁the",
                "▁conference",
                "▁on",
                "▁the",
                "▁conference",
                "."
            ],
            "score": -15.307018280029297
        },
        {
            "hypothesis": [
                "▁i",
                "▁also",
                "▁clarification",
                "▁on",
                "▁the",
                "▁number",
                "▁of",
                "▁cases",
                "▁in",
                "▁the",
                "▁conference",
                "▁on",
                "▁the",
                "▁meeting",
                "."
            ],
            "score": -15.795682907104492
        },
        {
            "hypothesis": [
                "▁i",
                "▁would",
                "▁also",
                "▁like",
                "▁to",
                "▁clarify",
                "▁the",
                "▁number",
                "▁of",
                "▁questions",
                "▁at",
                "▁the",
                "▁meeting",
                "▁of",
                "▁the",
                "▁conference",
                "."
            ],
            "score": -16.38396644592285
        }
    ],
    "diagnostic_info": "eyJ0IjogIjIwMjUtMDItMDNUMDg6MTA6MzEuMDM5ODI0IiwgImgiOiAiNmM3MDkxZDFkZmE5IiwgInUiOiAicm9vdCJ9"
}