{
    "example_source": [
        "▁我还",
        "澄清",
        "了",
        "在该",
        "会议上",
        "提出的",
        "若干",
        "事项",
        "。"
    ],
    "example_target": [
        "<s>",
        "▁i",
        "▁was",
        "▁able",
        "▁to",
        "▁provide",
        "▁clarification",
        "▁on",
        "▁some",
        "▁of",
        "▁the",
        "▁matters",
        "▁which",
        "▁were",
        "▁raised",
        "▁at",
        "▁that",
        "▁meeting",
        ".",
        "</s>"
    ],
    "hypotheses": [
        {
            "hypothesis": [
                "▁i",
                "▁also",
                "▁wish",
                "▁to",
                "▁clarify",
                "▁a",
                "▁number",
                "▁of",
                "▁issues",
                "▁relating",
                "▁to",
                "▁the",
                "▁meeting",
                "."
            ],
            "score": -14.878079414367676
        },
        {
            "hypothesis": [
                "▁i",
                "▁also",
                "▁wish",
                "▁to",
                "▁clarify",
                "▁a",
                "▁number",
                "▁of",
                "▁issues",
                "▁regard",
                "ing",
                "▁the",
                "▁meeting",
                "."
            ],
            "score": -14.988398551940918
        },
        {
            "hypothesis": [
                "▁i",
                "▁also",
                "▁wish",
                "▁to",
                "▁clarify",
                "▁a",
                "▁number",
                "▁of",
                "▁issues",
                "▁relating",
                "▁to",
                "▁a",
                "▁number",
                "▁of",
                "▁matter",
                "."
            ],
            "score": -16.6612491607666
        },
        {
            "hypothesis": [
                "▁i",
                "▁also",
                "▁wish",
                "▁to",
                "▁clarify",
                "▁a",
                "▁number",
                "▁of",
                "▁issues",
                "▁relating",
                "▁to",
                "▁a",
                "▁number",
                "▁of",
                "▁issues",
                "."
            ],
            "score": -16.78577995300293
        },
        {
            "hypothesis": [
                "▁i",
                "▁also",
                "▁wish",
                "▁to",
                "▁clarify",
                "▁a",
                "▁number",
                "▁of",
                "▁issues",
                "▁relating",
                "▁to",
                "▁a",
                "▁number",
                "▁of",
                "▁matters",
                "."
            ],
            "score": -17.196041107177734
        },
        {
            "hypothesis": [
                "▁i",
                "▁also",
                "▁wish",
                "▁to",
                "▁clarify",
                "▁a",
                "▁number",
                "▁of",
                "▁issues",
                "▁relating",
                "▁to",
                "▁a",
                "▁number",
                "▁of",
                "▁cases",
                "."
            ],
            "score": -17.411848068237305
        },
        {
            "hypothesis": [
                "▁i",
                "▁also",
                "▁wish",
                "▁to",
                "▁clarify",
                "▁a",
                "▁number",
                "▁of",
                "▁issues",
                "▁relating",
                "▁to",
                "▁a",
                "▁number",
                "▁of",
                "▁reasons",
                "."
            ],
            "score": -18.036184310913086
        },
        {
            "hypothesis": [
                "▁i",
                "▁also",
                "▁wish",
                "▁to",
                "▁clarify",
                "▁a",
                "▁number",
                "▁of",
                "▁issues",
                "▁relating",
                "▁to",
                "▁a",
                "▁number",
                "▁of",
                "▁number",
                "."
            ],
            "score": -18.054481506347656
        },
        {
            "hypothesis": [
                "▁i",
                "▁also",
                "▁wish",
                "▁to",
                "▁clarify",
                "▁a",
                "▁number",
                "▁of",
                "▁issues",
                "▁relating",
                "▁to",
                "▁a",
                "▁number",
                "▁of",
                "▁questions",
                "."
            ],
            "score": -18.061201095581055
        },
        {
            "hypothesis": [
                "▁i",
                "▁also",
                "▁wish",
                "▁to",
                "▁clarify",
                "▁a",
                "▁number",
                "▁of",
                "▁issues",
                "▁relating",
                "▁to",
                "▁a",
                "▁number",
                "▁of",
                "▁number",
                "▁of",
                "▁matters",
                "."
            ],
            "score": -19.64471435546875
        }
    ],
    "diagnostic_info": "eyJ0IjogIjIwMjUtMDItMDNUMDg6MTE6MjAuNjM4NjM4IiwgImgiOiAiNmM3MDkxZDFkZmE5IiwgInUiOiAicm9vdCJ9"
}