{
    "example_source": [
        "▁我还",
        "澄清",
        "了",
        "在该",
        "会议上",
        "提出的",
        "若干",
        "事项",
        "。"
    ],
    "example_target": [
        "<s>",
        "▁i",
        "▁was",
        "▁able",
        "▁to",
        "▁provide",
        "▁clarification",
        "▁on",
        "▁some",
        "▁of",
        "▁the",
        "▁matters",
        "▁which",
        "▁were",
        "▁raised",
        "▁at",
        "▁that",
        "▁meeting",
        ".",
        "</s>"
    ],
    "hypotheses": [
        {
            "hypothesis": [
                "▁i",
                "▁also",
                "▁clarification",
                "▁on",
                "▁a",
                "▁number",
                "▁of",
                "▁matters",
                "▁relating",
                "▁to",
                "▁the",
                "▁meeting",
                "."
            ],
            "score": -12.714866638183594
        },
        {
            "hypothesis": [
                "▁i",
                "▁also",
                "▁clarification",
                "▁on",
                "▁a",
                "▁number",
                "▁of",
                "▁matters",
                "▁relating",
                "▁to",
                "▁the",
                "▁conference",
                "."
            ],
            "score": -13.306779861450195
        },
        {
            "hypothesis": [
                "▁i",
                "▁am",
                "▁also",
                "▁clarification",
                "▁on",
                "▁a",
                "▁number",
                "▁of",
                "▁matters",
                "▁relating",
                "▁to",
                "▁the",
                "▁meeting",
                "."
            ],
            "score": -13.752793312072754
        },
        {
            "hypothesis": [
                "▁i",
                "▁also",
                "▁clarification",
                "▁on",
                "▁a",
                "▁number",
                "▁of",
                "▁matters",
                "▁relating",
                "▁to",
                "▁a",
                "▁number",
                "▁of",
                "▁matters",
                "."
            ],
            "score": -14.225662231445312
        },
        {
            "hypothesis": [
                "▁i",
                "▁am",
                "▁also",
                "▁clarification",
                "▁on",
                "▁a",
                "▁number",
                "▁of",
                "▁matters",
                "▁relating",
                "▁to",
                "▁the",
                "▁conference",
                "."
            ],
            "score": -14.298120498657227
        },
        {
            "hypothesis": [
                "▁i",
                "▁have",
                "▁also",
                "▁clarification",
                "ed",
                "▁on",
                "▁a",
                "▁number",
                "▁of",
                "▁matters",
                "▁relating",
                "▁to",
                "▁the",
                "▁meeting",
                "."
            ],
            "score": -14.665716171264648
        },
        {
            "hypothesis": [
                "▁i",
                "▁have",
                "▁also",
                "▁clarification",
                "ed",
                "▁on",
                "▁a",
                "▁number",
                "▁of",
                "▁matters",
                "▁relating",
                "▁to",
                "▁the",
                "▁conference",
                "."
            ],
            "score": -15.181678771972656
        },
        {
            "hypothesis": [
                "▁i",
                "▁am",
                "▁also",
                "▁clarification",
                "▁on",
                "▁a",
                "▁number",
                "▁of",
                "▁matters",
                "▁relating",
                "▁to",
                "▁a",
                "▁number",
                "▁of",
                "▁matters",
                "."
            ],
            "score": -15.450504302978516
        },
        {
            "hypothesis": [
                "▁i",
                "▁also",
                "▁clarification",
                "▁on",
                "▁a",
                "▁number",
                "▁of",
                "▁matters",
                "▁in",
                "▁which",
                "▁a",
                "▁number",
                "▁of",
                "▁matters",
                "▁had",
                "▁been",
                "▁taken",
                "."
            ],
            "score": -17.03851318359375
        },
        {
            "hypothesis": [
                "▁i",
                "▁also",
                "▁clarification",
                "▁on",
                "▁a",
                "▁number",
                "▁of",
                "▁matters",
                "▁in",
                "▁which",
                "▁a",
                "▁number",
                "▁of",
                "▁matters",
                "▁had",
                "▁been",
                "▁made",
                "."
            ],
            "score": -17.093433380126953
        }
    ],
    "diagnostic_info": "eyJ0IjogIjIwMjUtMDItMDNUMDg6MTI6MDQuOTk5NjIxIiwgImgiOiAiNmM3MDkxZDFkZmE5IiwgInUiOiAicm9vdCJ9"
}