{
    "example_source": [
        "▁我还",
        "澄清",
        "了",
        "在该",
        "会议上",
        "提出的",
        "若干",
        "事项",
        "。"
    ],
    "example_target": [
        "<s>",
        "▁i",
        "▁was",
        "▁able",
        "▁to",
        "▁provide",
        "▁clarification",
        "▁on",
        "▁some",
        "▁of",
        "▁the",
        "▁matters",
        "▁which",
        "▁were",
        "▁raised",
        "▁at",
        "▁that",
        "▁meeting",
        ".",
        "</s>"
    ],
    "hypotheses": [
        {
            "hypothesis": [
                "▁i",
                "▁would",
                "▁also",
                "▁like",
                "▁to",
                "▁clarification",
                "▁on",
                "▁a",
                "▁number",
                "▁of",
                "▁matters",
                "▁at",
                "▁the",
                "▁meeting",
                "."
            ],
            "score": -15.97658920288086
        },
        {
            "hypothesis": [
                "▁i",
                "▁would",
                "▁also",
                "▁like",
                "▁to",
                "▁clarification",
                "▁on",
                "▁a",
                "▁number",
                "▁of",
                "▁matters",
                "▁at",
                "▁the",
                "▁conference",
                "."
            ],
            "score": -16.24547576904297
        },
        {
            "hypothesis": [
                "▁i",
                "▁would",
                "▁also",
                "▁like",
                "▁to",
                "▁clarification",
                "▁on",
                "▁a",
                "▁number",
                "▁of",
                "▁matters",
                "▁at",
                "▁the",
                "▁session",
                "."
            ],
            "score": -16.656614303588867
        },
        {
            "hypothesis": [
                "▁i",
                "▁also",
                "▁clarification",
                "▁on",
                "▁a",
                "▁number",
                "▁of",
                "▁matters",
                "▁which",
                "▁have",
                "▁been",
                "▁taken",
                "▁into",
                "▁the",
                "▁conference",
                "."
            ],
            "score": -17.074827194213867
        },
        {
            "hypothesis": [
                "▁i",
                "▁would",
                "▁also",
                "▁like",
                "▁to",
                "▁clarification",
                "▁on",
                "▁a",
                "▁number",
                "▁of",
                "▁matters",
                "▁which",
                "▁have",
                "▁been",
                "▁taken",
                "."
            ],
            "score": -17.816608428955078
        },
        {
            "hypothesis": [
                "▁i",
                "▁would",
                "▁also",
                "▁like",
                "▁to",
                "▁clarification",
                "▁on",
                "▁a",
                "▁number",
                "▁of",
                "▁matters",
                "▁which",
                "▁had",
                "▁been",
                "▁taken",
                "."
            ],
            "score": -18.05548858642578
        },
        {
            "hypothesis": [
                "▁i",
                "▁would",
                "▁also",
                "▁like",
                "▁to",
                "▁clarification",
                "▁on",
                "▁a",
                "▁number",
                "▁of",
                "▁issues",
                "▁which",
                "▁have",
                "▁been",
                "▁taken",
                "."
            ],
            "score": -18.298948287963867
        },
        {
            "hypothesis": [
                "▁i",
                "▁would",
                "▁also",
                "▁like",
                "▁to",
                "▁clarification",
                "▁on",
                "▁a",
                "▁number",
                "▁of",
                "▁matters",
                "▁at",
                "▁the",
                "▁session",
                "▁of",
                "▁the",
                "▁conference",
                "."
            ],
            "score": -18.336198806762695
        },
        {
            "hypothesis": [
                "▁i",
                "▁would",
                "▁also",
                "▁like",
                "▁to",
                "▁clarification",
                "▁on",
                "▁a",
                "▁number",
                "▁of",
                "▁matters",
                "▁at",
                "▁the",
                "▁session",
                "▁of",
                "▁the",
                "▁meeting",
                "."
            ],
            "score": -18.860212326049805
        },
        {
            "hypothesis": [
                "▁i",
                "▁would",
                "▁also",
                "▁like",
                "▁to",
                "▁clarification",
                "▁on",
                "▁a",
                "▁number",
                "▁of",
                "▁matters",
                "▁at",
                "▁the",
                "▁meeting",
                "▁of",
                "▁the",
                "▁conference",
                "."
            ],
            "score": -18.9086971282959
        }
    ],
    "diagnostic_info": "eyJ0IjogIjIwMjUtMDItMDNUMDg6MTI6MTYuMDMwNTYyIiwgImgiOiAiNmM3MDkxZDFkZmE5IiwgInUiOiAicm9vdCJ9"
}