{
    "example_source": [
        "▁我还",
        "澄清",
        "了",
        "在该",
        "会议上",
        "提出的",
        "若干",
        "事项",
        "。"
    ],
    "example_target": [
        "<s>",
        "▁i",
        "▁was",
        "▁able",
        "▁to",
        "▁provide",
        "▁clarification",
        "▁on",
        "▁some",
        "▁of",
        "▁the",
        "▁matters",
        "▁which",
        "▁were",
        "▁raised",
        "▁at",
        "▁that",
        "▁meeting",
        ".",
        "</s>"
    ],
    "hypotheses": [
        {
            "hypothesis": [
                "▁i",
                "▁also",
                "▁clarified",
                "▁a",
                "▁number",
                "▁of",
                "▁issues",
                "▁regard",
                "ing",
                "▁the",
                "▁meeting",
                "."
            ],
            "score": -13.156951904296875
        },
        {
            "hypothesis": [
                "▁i",
                "▁also",
                "▁clarified",
                "▁the",
                "▁number",
                "▁of",
                "▁issues",
                "▁regard",
                "ing",
                "▁the",
                "▁meeting",
                "."
            ],
            "score": -13.312297821044922
        },
        {
            "hypothesis": [
                "▁i",
                "▁also",
                "▁clarified",
                "▁the",
                "▁number",
                "▁of",
                "▁issues",
                "▁raised",
                "▁by",
                "▁the",
                "▁committee",
                "."
            ],
            "score": -13.771956443786621
        },
        {
            "hypothesis": [
                "▁i",
                "▁also",
                "▁clarified",
                "▁a",
                "▁number",
                "▁of",
                "▁issues",
                "▁regard",
                "ing",
                "▁that",
                "▁meeting",
                "."
            ],
            "score": -14.121479034423828
        },
        {
            "hypothesis": [
                "▁clarification",
                "▁was",
                "▁also",
                "▁clarified",
                "▁by",
                "▁the",
                "▁committee",
                "▁on",
                "▁a",
                "▁number",
                "▁of",
                "▁issues",
                "."
            ],
            "score": -14.796597480773926
        },
        {
            "hypothesis": [
                "▁clarification",
                "▁was",
                "▁also",
                "▁clarified",
                "▁by",
                "▁the",
                "▁committee",
                "▁on",
                "▁a",
                "▁number",
                "▁of",
                "▁occasions",
                "."
            ],
            "score": -15.181965827941895
        },
        {
            "hypothesis": [
                "▁i",
                "▁also",
                "▁clarified",
                "▁a",
                "▁number",
                "▁of",
                "▁issues",
                "▁regard",
                "ing",
                "▁the",
                "▁session",
                "▁of",
                "▁the",
                "▁meeting",
                "."
            ],
            "score": -16.7672061920166
        },
        {
            "hypothesis": [
                "▁i",
                "▁also",
                "▁clarified",
                "▁a",
                "▁number",
                "▁of",
                "▁issues",
                "▁regard",
                "ing",
                "▁the",
                "▁session",
                "▁of",
                "▁the",
                "▁conference",
                "."
            ],
            "score": -16.849903106689453
        },
        {
            "hypothesis": [
                "▁i",
                "▁also",
                "▁clarified",
                "▁a",
                "▁number",
                "▁of",
                "▁issues",
                "▁regard",
                "ing",
                "▁the",
                "▁meeting",
                "▁of",
                "▁the",
                "▁conference",
                "."
            ],
            "score": -17.112239837646484
        },
        {
            "hypothesis": [
                "▁clarification",
                "▁was",
                "▁also",
                "▁clarified",
                "▁by",
                "▁the",
                "▁committee",
                "▁on",
                "▁a",
                "▁number",
                "▁of",
                "▁issues",
                "▁taken",
                "▁by",
                "▁the",
                "▁meeting",
                "."
            ],
            "score": -18.70708656311035
        }
    ],
    "diagnostic_info": "eyJ0IjogIjIwMjUtMDItMDNUMDg6MTI6MzguMDc2MzQyIiwgImgiOiAiNmM3MDkxZDFkZmE5IiwgInUiOiAicm9vdCJ9"
}