{
    "example_source": [
        "▁我还",
        "澄清",
        "了",
        "在该",
        "会议上",
        "提出的",
        "若干",
        "事项",
        "。"
    ],
    "example_target": [
        "<s>",
        "▁i",
        "▁was",
        "▁able",
        "▁to",
        "▁provide",
        "▁clarification",
        "▁on",
        "▁some",
        "▁of",
        "▁the",
        "▁matters",
        "▁which",
        "▁were",
        "▁raised",
        "▁at",
        "▁that",
        "▁meeting",
        ".",
        "</s>"
    ],
    "hypotheses": [
        {
            "hypothesis": [
                "▁i",
                "▁also",
                "▁wish",
                "▁to",
                "▁clarify",
                "▁a",
                "▁number",
                "▁of",
                "▁issues",
                "▁regard",
                "ing",
                "▁the",
                "▁meeting",
                "."
            ],
            "score": -14.639012336730957
        },
        {
            "hypothesis": [
                "▁i",
                "▁have",
                "▁also",
                "▁clarification",
                "ed",
                "▁on",
                "▁a",
                "▁number",
                "▁of",
                "▁issues",
                "▁regard",
                "ing",
                "▁the",
                "▁meeting",
                "."
            ],
            "score": -15.383418083190918
        },
        {
            "hypothesis": [
                "▁i",
                "▁also",
                "▁clarification",
                "▁on",
                "▁a",
                "▁number",
                "▁of",
                "▁issues",
                "▁that",
                "▁have",
                "▁been",
                "▁taken",
                "▁into",
                "▁account",
                "."
            ],
            "score": -15.637426376342773
        },
        {
            "hypothesis": [
                "▁i",
                "▁have",
                "▁also",
                "▁clarification",
                "ed",
                "▁on",
                "▁a",
                "▁number",
                "▁of",
                "▁issues",
                "▁that",
                "▁have",
                "▁been",
                "▁taken",
                "▁into",
                "▁account",
                "."
            ],
            "score": -17.02104949951172
        },
        {
            "hypothesis": [
                "▁i",
                "▁have",
                "▁also",
                "▁clarification",
                "ed",
                "▁on",
                "▁a",
                "▁number",
                "▁of",
                "▁issues",
                "▁regard",
                "ing",
                "▁a",
                "▁number",
                "▁of",
                "▁issues",
                "."
            ],
            "score": -17.06707763671875
        },
        {
            "hypothesis": [
                "▁i",
                "▁have",
                "▁also",
                "▁clarification",
                "ed",
                "▁on",
                "▁a",
                "▁number",
                "▁of",
                "▁issues",
                "▁regard",
                "ing",
                "▁a",
                "▁number",
                "▁of",
                "▁matters",
                "."
            ],
            "score": -17.2208251953125
        },
        {
            "hypothesis": [
                "▁i",
                "▁have",
                "▁also",
                "▁clarification",
                "ed",
                "▁on",
                "▁a",
                "▁number",
                "▁of",
                "▁issues",
                "▁that",
                "▁have",
                "▁been",
                "▁submitted",
                "▁to",
                "▁the",
                "▁meeting",
                "."
            ],
            "score": -18.0703067779541
        },
        {
            "hypothesis": [
                "▁i",
                "▁have",
                "▁also",
                "▁clarification",
                "ed",
                "▁on",
                "▁a",
                "▁number",
                "▁of",
                "▁issues",
                "▁that",
                "▁have",
                "▁been",
                "▁taken",
                "▁into",
                "▁account",
                "▁at",
                "▁the",
                "▁meeting",
                "."
            ],
            "score": -19.096464157104492
        },
        {
            "hypothesis": [
                "▁i",
                "▁have",
                "▁also",
                "▁clarification",
                "ed",
                "▁on",
                "▁a",
                "▁number",
                "▁of",
                "▁issues",
                "▁regard",
                "ing",
                "▁a",
                "▁number",
                "▁of",
                "▁matters",
                "▁at",
                "▁the",
                "▁meeting",
                "."
            ],
            "score": -19.253992080688477
        },
        {
            "hypothesis": [
                "▁i",
                "▁have",
                "▁also",
                "▁clarification",
                "ed",
                "▁on",
                "▁a",
                "▁number",
                "▁of",
                "▁issues",
                "▁that",
                "▁have",
                "▁been",
                "▁taken",
                "▁into",
                "▁account",
                "▁in",
                "▁the",
                "▁meeting",
                "."
            ],
            "score": -19.645875930786133
        }
    ],
    "diagnostic_info": "eyJ0IjogIjIwMjUtMDItMDNUMDg6MTM6MDAuMDQ3NzU0IiwgImgiOiAiNmM3MDkxZDFkZmE5IiwgInUiOiAicm9vdCJ9"
}